{
  "model_name": "capital_logit",
  "accuracy": 0.7909193399610536,
  "f1_macro": 0.645352024501155,
  "roc_auc": 0.6308702872471851,
  "classification_report": {
    "<=50K": {
      "precision": 0.8134171907756813,
      "recall": 0.9409862570735651,
      "f1-score": 0.8725637181409296,
      "support": 7422.0
    },
    ">50K": {
      "precision": 0.6259607173356105,
      "recall": 0.3139186295503212,
      "f1-score": 0.41814033086138047,
      "support": 2335.0
    },
    "accuracy": 0.7909193399610536,
    "macro avg": {
      "precision": 0.7196889540556459,
      "recall": 0.6274524433119432,
      "f1-score": 0.645352024501155,
      "support": 9757.0
    },
    "weighted avg": {
      "precision": 0.7685559767260179,
      "recall": 0.7909193399610536,
      "f1-score": 0.7638132201089785,
      "support": 9757.0
    }
  }
}