{
  "model_name": "time_linear",
  "accuracy": 0.7563800348467766,
  "f1_macro": 0.4778743629468293,
  "roc_auc": 0.7254468600497277,
  "classification_report": {
    "<=50K": {
      "precision": 0.7666208646020505,
      "recall": 0.9772298571813527,
      "f1-score": 0.8592074868210626,
      "support": 7422.0
    },
    ">50K": {
      "precision": 0.42905405405405406,
      "recall": 0.054389721627408995,
      "f1-score": 0.09654123907259597,
      "support": 2335.0
    },
    "accuracy": 0.7563800348467766,
    "macro avg": {
      "precision": 0.5978374593280522,
      "recall": 0.5158097894043808,
      "f1-score": 0.4778743629468293,
      "support": 9757.0
    },
    "weighted avg": {
      "precision": 0.6858359406879814,
      "recall": 0.7563800348467766,
      "f1-score": 0.6766897366424555,
      "support": 9757.0
    }
  }
}